create table Customer(
                Id integer not null primary key,
                FirstName varchar(100) not null,
                LastName varchar(100) not null);

insert into Customer(Id, FirstName, LastName) values (1, 'Márlon', 'Viana');
insert into Customer(Id, FirstName, LastName) values (2, 'Benjamin', 'Johansen');
insert into Customer(Id, FirstName, LastName) values (3, 'Halvard', 'Thomas');
insert into Customer(Id, FirstName, LastName) values (4, 'Hans-J.', 'Martini');
insert into Customer(Id, FirstName, LastName) values (5, 'Olivia', 'Sørensen');
insert into Customer(Id, FirstName, LastName) values (6, 'علی رضا', 'مرادی');
insert into Customer(Id, FirstName, LastName) values (7, 'Brynjar', 'Elmi');
insert into Customer(Id, FirstName, LastName) values (8, 'Max', 'Taylor');
insert into Customer(Id, FirstName, LastName) values (9, 'Veronica', 'Pena');
insert into Customer(Id, FirstName, LastName) values (10, 'Matilda', 'Kalm');
insert into Customer(Id, FirstName, LastName) values (11, 'Marcus', 'Christiansen');
insert into Customer(Id, FirstName, LastName) values (12, 'Jean', 'Mitchelle');
insert into Customer(Id, FirstName, LastName) values (13, 'Wolf-Dietrich', 'Wildner');
insert into Customer(Id, FirstName, LastName) values (14, 'Elliot', 'Akbari');
insert into Customer(Id, FirstName, LastName) values (15, 'Nicklas', 'Larsen');
insert into Customer(Id, FirstName, LastName) values (16, 'Oğuzhan', 'Tunçeri');
insert into Customer(Id, FirstName, LastName) values (17, 'Raymond', 'Wells');
insert into Customer(Id, FirstName, LastName) values (18, 'Lino', 'Nobbe');
insert into Customer(Id, FirstName, LastName) values (19, 'Arttu', 'Walli');
insert into Customer(Id, FirstName, LastName) values (20, 'Lucy', 'Hughes');
insert into Customer(Id, FirstName, LastName) values (21, 'Noah', 'Patterson');
insert into Customer(Id, FirstName, LastName) values (22, 'Andre', 'Bjelland');
insert into Customer(Id, FirstName, LastName) values (23, 'Ella', 'Turner');
insert into Customer(Id, FirstName, LastName) values (24, 'Louise', 'Blanchard');
insert into Customer(Id, FirstName, LastName) values (25, 'Feliz', 'Nunes');
insert into Customer(Id, FirstName, LastName) values (26, 'Annabelle', 'Roberts');
insert into Customer(Id, FirstName, LastName) values (27, 'Chloe', 'Hall');
insert into Customer(Id, FirstName, LastName) values (28, 'پوریا', 'حیدری');
insert into Customer(Id, FirstName, LastName) values (29, 'Becky', 'Reyes');
insert into Customer(Id, FirstName, LastName) values (30, 'Oya', 'Tokgöz');
insert into Customer(Id, FirstName, LastName) values (31, 'Ege', 'Küçükler');
insert into Customer(Id, FirstName, LastName) values (32, 'Mark', 'Ross');
insert into Customer(Id, FirstName, LastName) values (33, 'Lotta', 'Rinne');
insert into Customer(Id, FirstName, LastName) values (34, 'Austin', 'Roberts');
insert into Customer(Id, FirstName, LastName) values (35, 'Christin', 'Geiger');
insert into Customer(Id, FirstName, LastName) values (36, 'Suzimara', 'Porto');
insert into Customer(Id, FirstName, LastName) values (37, 'Emil', 'Salmi');
insert into Customer(Id, FirstName, LastName) values (38, 'Anthony', 'French');
insert into Customer(Id, FirstName, LastName) values (39, 'Bertram', 'Christensen');
insert into Customer(Id, FirstName, LastName) values (40, 'Brit', 'Höger');
insert into Customer(Id, FirstName, LastName) values (41, 'سوگند', 'قاسمی');
insert into Customer(Id, FirstName, LastName) values (42, 'مهرسا', 'محمدخان');
insert into Customer(Id, FirstName, LastName) values (43, 'Marina', 'Olesen');
insert into Customer(Id, FirstName, LastName) values (44, 'Laura', 'Mckinney');
insert into Customer(Id, FirstName, LastName) values (45, 'Ayşe', 'Köylüoğlu');
insert into Customer(Id, FirstName, LastName) values (46, 'Stanislaw', 'Dybwad');
insert into Customer(Id, FirstName, LastName) values (47, 'Kwame', 'Van Maastricht');
insert into Customer(Id, FirstName, LastName) values (48, 'Keith', 'Ryan');
insert into Customer(Id, FirstName, LastName) values (49, 'Ethan', 'Lopez');
insert into Customer(Id, FirstName, LastName) values (50, 'Kirsten', 'Henseler');
insert into Customer(Id, FirstName, LastName) values (51, 'Stefan', 'Sjøen');
insert into Customer(Id, FirstName, LastName) values (52, 'Najlae', 'Tielen');
insert into Customer(Id, FirstName, LastName) values (53, 'Katrine', 'Mortensen');
insert into Customer(Id, FirstName, LastName) values (54, 'Hannah', 'Jones');
insert into Customer(Id, FirstName, LastName) values (55, 'Ilídio', 'Fernandes');
insert into Customer(Id, FirstName, LastName) values (56, 'Ethan', 'Smith');
insert into Customer(Id, FirstName, LastName) values (57, 'آدرین', 'نجاتی');
insert into Customer(Id, FirstName, LastName) values (58, 'Sofia', 'Austin');
insert into Customer(Id, FirstName, LastName) values (59, 'Domenico', 'Gebauer');
insert into Customer(Id, FirstName, LastName) values (60, 'Edelmira', 'Jesus');
insert into Customer(Id, FirstName, LastName) values (61, 'Kornelia', 'Poth');
insert into Customer(Id, FirstName, LastName) values (62, 'Joshua', 'Wilson');
insert into Customer(Id, FirstName, LastName) values (63, 'Malik', 'Li');
insert into Customer(Id, FirstName, LastName) values (64, 'Väinö', 'Hannula');
insert into Customer(Id, FirstName, LastName) values (65, 'Hilla', 'Koskela');
insert into Customer(Id, FirstName, LastName) values (66, 'Daisy', 'Miller');
insert into Customer(Id, FirstName, LastName) values (67, 'Jade', 'Sanchez');
insert into Customer(Id, FirstName, LastName) values (68, 'ستایش', 'مرادی');
insert into Customer(Id, FirstName, LastName) values (69, 'Abby', 'Rhodes');
insert into Customer(Id, FirstName, LastName) values (70, 'Mya', 'Dubois');
insert into Customer(Id, FirstName, LastName) values (71, 'Carlos', 'Da Silva');
insert into Customer(Id, FirstName, LastName) values (72, 'Niklas', 'Noel');
insert into Customer(Id, FirstName, LastName) values (73, 'Caroline', 'Jørgensen');
insert into Customer(Id, FirstName, LastName) values (74, 'Noah', 'Larsen');
insert into Customer(Id, FirstName, LastName) values (75, 'Ramon', 'Mitchell');
insert into Customer(Id, FirstName, LastName) values (76, 'Cemil', 'Kreuz');
insert into Customer(Id, FirstName, LastName) values (77, 'Florence', 'Johnson');
insert into Customer(Id, FirstName, LastName) values (78, 'Eloane', 'Da Silva');
insert into Customer(Id, FirstName, LastName) values (79, 'Clifford', 'Armstrong');
insert into Customer(Id, FirstName, LastName) values (80, 'Fernando', 'Sanchez');
insert into Customer(Id, FirstName, LastName) values (81, 'Aatu', 'Kinnunen');
insert into Customer(Id, FirstName, LastName) values (82, 'William', 'Gauthier');
insert into Customer(Id, FirstName, LastName) values (83, 'Beverley', 'Sanchez');
insert into Customer(Id, FirstName, LastName) values (84, 'Jasper', 'Zhang');
insert into Customer(Id, FirstName, LastName) values (85, 'Myke', 'Baars');
insert into Customer(Id, FirstName, LastName) values (86, 'Rocio', 'Santana');
insert into Customer(Id, FirstName, LastName) values (87, 'Enya', 'Robin');
insert into Customer(Id, FirstName, LastName) values (88, 'Silas', 'Kristensen');
insert into Customer(Id, FirstName, LastName) values (89, 'Jon', 'Spanjers');
insert into Customer(Id, FirstName, LastName) values (90, 'Lucas', 'Alonso');
insert into Customer(Id, FirstName, LastName) values (91, 'Alexandra', 'Berger');
insert into Customer(Id, FirstName, LastName) values (92, 'Heribert', 'Nitschke');
insert into Customer(Id, FirstName, LastName) values (93, 'پارمیس', 'كامياران');
insert into Customer(Id, FirstName, LastName) values (94, 'Gül', 'Gürmen');
insert into Customer(Id, FirstName, LastName) values (95, 'Rose', 'Leclerc');
insert into Customer(Id, FirstName, LastName) values (96, 'Salvador', 'Vieira');
insert into Customer(Id, FirstName, LastName) values (97, 'Christine', 'Charles');
insert into Customer(Id, FirstName, LastName) values (98, 'Micheal', 'Larson');
insert into Customer(Id, FirstName, LastName) values (99, 'Wiert', 'Rosbergen');
insert into Customer(Id, FirstName, LastName) values (100, 'Valerie', 'Bishop');
insert into Customer(Id, FirstName, LastName) values (101, 'Terrence', 'Lee');
insert into Customer(Id, FirstName, LastName) values (102, 'Ann', 'Rodriquez');
insert into Customer(Id, FirstName, LastName) values (103, 'Steije', 'Theunisse');
insert into Customer(Id, FirstName, LastName) values (104, 'Ruan', 'Wijnsma');
insert into Customer(Id, FirstName, LastName) values (105, 'Odara', 'da Paz');
insert into Customer(Id, FirstName, LastName) values (106, 'Nila', 'Salamonsen');
insert into Customer(Id, FirstName, LastName) values (107, 'Lester', 'Fields');
insert into Customer(Id, FirstName, LastName) values (108, 'Marcus', 'Wilson');
insert into Customer(Id, FirstName, LastName) values (109, 'Julia', 'Salzmann');
insert into Customer(Id, FirstName, LastName) values (110, 'Raul', 'Cooper');
insert into Customer(Id, FirstName, LastName) values (111, 'Latife', 'Süleymanoğlu');
insert into Customer(Id, FirstName, LastName) values (112, 'Ekkehard', 'Martini');
insert into Customer(Id, FirstName, LastName) values (113, 'Mia', 'Gordon');
insert into Customer(Id, FirstName, LastName) values (114, 'Miguel', 'Gijsbers');
insert into Customer(Id, FirstName, LastName) values (115, 'Andrea', 'Fitzpatrick');
insert into Customer(Id, FirstName, LastName) values (116, 'Xavier', 'Ennis');
insert into Customer(Id, FirstName, LastName) values (117, 'Mohamad', 'Årseth');
insert into Customer(Id, FirstName, LastName) values (118, 'Neil', 'King');
insert into Customer(Id, FirstName, LastName) values (119, 'Lucile', 'Rey');
insert into Customer(Id, FirstName, LastName) values (120, 'Osvaldo', 'Alves');
insert into Customer(Id, FirstName, LastName) values (121, 'Diana', 'Barnes');
insert into Customer(Id, FirstName, LastName) values (122, 'Emily', 'Harris');
insert into Customer(Id, FirstName, LastName) values (123, 'Angelika', 'Blum');
insert into Customer(Id, FirstName, LastName) values (124, 'Fletcher', 'Johnson');
insert into Customer(Id, FirstName, LastName) values (125, 'Ruby', 'Li');
insert into Customer(Id, FirstName, LastName) values (126, 'Yanis', 'Leclercq');
insert into Customer(Id, FirstName, LastName) values (127, 'Remmert', 'Bies');
insert into Customer(Id, FirstName, LastName) values (128, 'Samuel', 'Slawa');
insert into Customer(Id, FirstName, LastName) values (129, 'Carter', 'Harvey');
insert into Customer(Id, FirstName, LastName) values (130, 'Vernon', 'Stevens');
insert into Customer(Id, FirstName, LastName) values (131, 'Edgar', 'Gordon');
insert into Customer(Id, FirstName, LastName) values (132, 'Musab', 'Kløvstad');
insert into Customer(Id, FirstName, LastName) values (133, 'Evan', 'Medina');
insert into Customer(Id, FirstName, LastName) values (134, 'Micheal', 'Cruz');
insert into Customer(Id, FirstName, LastName) values (135, 'Aurélien', 'Clement');
insert into Customer(Id, FirstName, LastName) values (136, 'Karl-Wilhelm', 'Rech');
insert into Customer(Id, FirstName, LastName) values (137, 'Evelina', 'Horten');
insert into Customer(Id, FirstName, LastName) values (138, 'Charlie', 'Patel');
insert into Customer(Id, FirstName, LastName) values (139, 'Väinö', 'Manninen');
insert into Customer(Id, FirstName, LastName) values (140, 'Emre', 'Tekand');
insert into Customer(Id, FirstName, LastName) values (141, 'Gleisy', 'Castro');
insert into Customer(Id, FirstName, LastName) values (142, 'Pinja', 'Justi');
insert into Customer(Id, FirstName, LastName) values (143, 'Angie', 'Davidson');
insert into Customer(Id, FirstName, LastName) values (144, 'Sara', 'Cruz');
insert into Customer(Id, FirstName, LastName) values (145, 'Massimo', 'Faure');
insert into Customer(Id, FirstName, LastName) values (146, 'Solan', 'Erstad');
insert into Customer(Id, FirstName, LastName) values (147, 'Aleksi', 'Salo');
insert into Customer(Id, FirstName, LastName) values (148, 'Yorn', 'Celie');
insert into Customer(Id, FirstName, LastName) values (149, 'Amanda', 'Laurila');
insert into Customer(Id, FirstName, LastName) values (150, 'Louise', 'Simon');
insert into Customer(Id, FirstName, LastName) values (151, 'Barb', 'Carroll');
insert into Customer(Id, FirstName, LastName) values (152, 'Miro', 'Lehtinen');
insert into Customer(Id, FirstName, LastName) values (153, 'Alex', 'Davies');
insert into Customer(Id, FirstName, LastName) values (154, 'Chloe', 'Thompson');
insert into Customer(Id, FirstName, LastName) values (155, 'آرش', 'مرادی');
insert into Customer(Id, FirstName, LastName) values (156, 'Onur', 'Türkyılmaz');
insert into Customer(Id, FirstName, LastName) values (157, 'Latife', 'Keçeci');
insert into Customer(Id, FirstName, LastName) values (158, 'Maëlia', 'Nguyen');
insert into Customer(Id, FirstName, LastName) values (159, 'Ümit', 'Korol');
insert into Customer(Id, FirstName, LastName) values (160, 'Begüm', 'Fahri');
insert into Customer(Id, FirstName, LastName) values (161, 'Dustin', 'Patterson');
insert into Customer(Id, FirstName, LastName) values (162, 'Silas', 'Poulsen');
insert into Customer(Id, FirstName, LastName) values (163, 'Jake', 'Watkins');
insert into Customer(Id, FirstName, LastName) values (164, 'محمدمهدی', 'رضایی');
insert into Customer(Id, FirstName, LastName) values (165, 'Aleksi', 'Jutila');
insert into Customer(Id, FirstName, LastName) values (166, 'Sander', 'Hansen');
insert into Customer(Id, FirstName, LastName) values (167, 'Isac', 'Rodrigues');
insert into Customer(Id, FirstName, LastName) values (168, 'Tristan', 'Jørgensen');
insert into Customer(Id, FirstName, LastName) values (169, 'Pirmin', 'Mercier');
insert into Customer(Id, FirstName, LastName) values (170, 'Milène', 'Van Velsen');
insert into Customer(Id, FirstName, LastName) values (171, 'Consuelo', 'Guerrero');
insert into Customer(Id, FirstName, LastName) values (172, 'Julia', 'Salmi');
insert into Customer(Id, FirstName, LastName) values (173, 'Naja', 'Mortensen');
insert into Customer(Id, FirstName, LastName) values (174, 'Jon', 'Watts');
insert into Customer(Id, FirstName, LastName) values (175, 'Patrick', 'Torres');
insert into Customer(Id, FirstName, LastName) values (176, 'Stanley', 'Green');
insert into Customer(Id, FirstName, LastName) values (177, 'Kaya', 'Babacan');
insert into Customer(Id, FirstName, LastName) values (178, 'Jessica', 'Harrison');
insert into Customer(Id, FirstName, LastName) values (179, 'Hilda', 'Simon');
insert into Customer(Id, FirstName, LastName) values (180, 'Kenan', 'Özdenak');
insert into Customer(Id, FirstName, LastName) values (181, 'Pinja', 'Kangas');
insert into Customer(Id, FirstName, LastName) values (182, 'Dante', 'Santos');
insert into Customer(Id, FirstName, LastName) values (183, 'Emre', 'Keçeci');
insert into Customer(Id, FirstName, LastName) values (184, 'Meghan', 'Ray');
insert into Customer(Id, FirstName, LastName) values (185, 'Fatih', 'Toraman');
insert into Customer(Id, FirstName, LastName) values (186, 'Jacob', 'Roy');
insert into Customer(Id, FirstName, LastName) values (187, 'Jay', 'Van Grootveld');
insert into Customer(Id, FirstName, LastName) values (188, 'Helmi', 'Ranta');
insert into Customer(Id, FirstName, LastName) values (189, 'Rosa', 'Poulsen');
insert into Customer(Id, FirstName, LastName) values (190, 'Senta', 'Nagler');
insert into Customer(Id, FirstName, LastName) values (191, 'Julia', 'Ma');
insert into Customer(Id, FirstName, LastName) values (192, 'Esma', 'Özdenak');
insert into Customer(Id, FirstName, LastName) values (193, 'Jadon', 'De Hoon');
insert into Customer(Id, FirstName, LastName) values (194, 'Clyde', 'Hernandez');
insert into Customer(Id, FirstName, LastName) values (195, 'Giuseppa', 'Berger');
insert into Customer(Id, FirstName, LastName) values (196, 'Alex', 'Byrd');
insert into Customer(Id, FirstName, LastName) values (197, 'Dinis', 'Ferreira');
insert into Customer(Id, FirstName, LastName) values (198, 'Leroy', 'Mooijer');
insert into Customer(Id, FirstName, LastName) values (199, 'Alice', 'Färber');
insert into Customer(Id, FirstName, LastName) values (200, 'Veera', 'Seppanen');
insert into Customer(Id, FirstName, LastName) values (201, 'Thomas', 'Shelton');
insert into Customer(Id, FirstName, LastName) values (202, 'Denazaide', 'Rocha');
insert into Customer(Id, FirstName, LastName) values (203, 'Rick', 'Montgomery');
insert into Customer(Id, FirstName, LastName) values (204, 'Oliver', 'Petersen');
insert into Customer(Id, FirstName, LastName) values (205, 'Katrine', 'Thomsen');
insert into Customer(Id, FirstName, LastName) values (206, 'Hannah', 'Chu');
insert into Customer(Id, FirstName, LastName) values (207, 'Amber', 'Hale');
insert into Customer(Id, FirstName, LastName) values (208, 'Clément', 'Da Silva');
insert into Customer(Id, FirstName, LastName) values (209, 'Russell', 'Bryant');
insert into Customer(Id, FirstName, LastName) values (210, 'Amanda', 'Niskanen');
insert into Customer(Id, FirstName, LastName) values (211, 'Nils', 'Ensink');
insert into Customer(Id, FirstName, LastName) values (212, 'Josefine', 'Larsen');
insert into Customer(Id, FirstName, LastName) values (213, 'Brian', 'Weaver');
insert into Customer(Id, FirstName, LastName) values (214, 'Alex', 'Collins');
insert into Customer(Id, FirstName, LastName) values (215, 'Mara', 'Bröker');
insert into Customer(Id, FirstName, LastName) values (216, 'Adriana', 'Aguilar');
insert into Customer(Id, FirstName, LastName) values (217, 'Kasim', 'Pistorius');
insert into Customer(Id, FirstName, LastName) values (218, 'Célian', 'Sanchez');
insert into Customer(Id, FirstName, LastName) values (219, 'Volkan', 'Akan');
insert into Customer(Id, FirstName, LastName) values (220, 'Jonathan', 'Hansen');
insert into Customer(Id, FirstName, LastName) values (221, 'Caleb', 'Pearson');
insert into Customer(Id, FirstName, LastName) values (222, 'Vildan', 'Kavaklıoğlu');
insert into Customer(Id, FirstName, LastName) values (223, 'Elizabeth', 'Brar');
insert into Customer(Id, FirstName, LastName) values (224, 'Hassan', 'Mehari');
insert into Customer(Id, FirstName, LastName) values (225, 'Ross', 'Warren');
insert into Customer(Id, FirstName, LastName) values (226, 'Kadir', 'Kılıççı');
insert into Customer(Id, FirstName, LastName) values (227, 'Claus', 'Morgenroth');
insert into Customer(Id, FirstName, LastName) values (228, 'Dwayne', 'Hill');
insert into Customer(Id, FirstName, LastName) values (229, 'هستی', 'یاسمی');
insert into Customer(Id, FirstName, LastName) values (230, 'Fábio', 'Cavalcanti');
insert into Customer(Id, FirstName, LastName) values (231, 'Mércia', 'Souza');
insert into Customer(Id, FirstName, LastName) values (232, 'Mikkel', 'Møller');
insert into Customer(Id, FirstName, LastName) values (233, 'Durvalino', 'da Paz');
insert into Customer(Id, FirstName, LastName) values (234, 'Noame', 'Silveira');
insert into Customer(Id, FirstName, LastName) values (235, 'الینا', 'رضایی');
insert into Customer(Id, FirstName, LastName) values (236, 'Sara', 'Martin');
insert into Customer(Id, FirstName, LastName) values (237, 'Gabe', 'Clark');
insert into Customer(Id, FirstName, LastName) values (238, 'Helmi', 'Hannula');
insert into Customer(Id, FirstName, LastName) values (239, 'Valentina', 'Lecomte');
insert into Customer(Id, FirstName, LastName) values (240, 'Sam', 'Johnston');
insert into Customer(Id, FirstName, LastName) values (241, 'Elaine', 'Ramirez');
insert into Customer(Id, FirstName, LastName) values (242, 'Emilie', 'Madsen');
insert into Customer(Id, FirstName, LastName) values (243, 'Naël', 'Legrand');
insert into Customer(Id, FirstName, LastName) values (244, 'Victoria', 'Navarro');
insert into Customer(Id, FirstName, LastName) values (245, 'Gianfranco', 'Menard');
insert into Customer(Id, FirstName, LastName) values (246, 'Väinö', 'Keranen');
insert into Customer(Id, FirstName, LastName) values (247, 'Elouan', 'Nicolas');
insert into Customer(Id, FirstName, LastName) values (248, 'Yari', 'Bruggink');
insert into Customer(Id, FirstName, LastName) values (249, 'بهار', 'علیزاده');
insert into Customer(Id, FirstName, LastName) values (250, 'Justiniano', 'Aragão');
insert into Customer(Id, FirstName, LastName) values (251, 'Joel', 'Fox');
insert into Customer(Id, FirstName, LastName) values (252, 'Philip', 'Roy');
insert into Customer(Id, FirstName, LastName) values (253, 'Ronja', 'Aro');
insert into Customer(Id, FirstName, LastName) values (254, 'Albina', 'Schönberger');
insert into Customer(Id, FirstName, LastName) values (255, 'Caroline', 'Mortensen');
insert into Customer(Id, FirstName, LastName) values (256, 'Jimmy', 'Roger');
insert into Customer(Id, FirstName, LastName) values (257, 'Kristin', 'Larson');
insert into Customer(Id, FirstName, LastName) values (258, 'Greg', 'Burton');
insert into Customer(Id, FirstName, LastName) values (259, 'Maria', 'Hansen');
insert into Customer(Id, FirstName, LastName) values (260, 'Willie', 'Fuller');
insert into Customer(Id, FirstName, LastName) values (261, 'Milika', 'Savelkoul');
insert into Customer(Id, FirstName, LastName) values (262, 'Lori', 'Ramos');
insert into Customer(Id, FirstName, LastName) values (263, 'Diane', 'Johnston');
insert into Customer(Id, FirstName, LastName) values (264, 'Dennis', 'Sedlmeier');
insert into Customer(Id, FirstName, LastName) values (265, 'Roshan', 'Epema');
insert into Customer(Id, FirstName, LastName) values (266, 'Lucille', 'Cox');
insert into Customer(Id, FirstName, LastName) values (267, 'Eren', 'Akan');
insert into Customer(Id, FirstName, LastName) values (268, 'Mahir', 'Nygren');
insert into Customer(Id, FirstName, LastName) values (269, 'Nathan', 'Kowalski');
insert into Customer(Id, FirstName, LastName) values (270, 'Harper', 'Simmmons');
insert into Customer(Id, FirstName, LastName) values (271, 'Justine', 'Faure');
insert into Customer(Id, FirstName, LastName) values (272, 'Daniel', 'Cruz');
insert into Customer(Id, FirstName, LastName) values (273, 'Daiani', 'Gomes');
insert into Customer(Id, FirstName, LastName) values (274, 'Tristan', 'Adams');
insert into Customer(Id, FirstName, LastName) values (275, 'Daniel', 'Clark');
insert into Customer(Id, FirstName, LastName) values (276, 'Katie', 'Holt');
insert into Customer(Id, FirstName, LastName) values (277, 'Jackson', 'Neal');
insert into Customer(Id, FirstName, LastName) values (278, 'Blake', 'Slawa');
insert into Customer(Id, FirstName, LastName) values (279, 'Felismino', 'da Rosa');
insert into Customer(Id, FirstName, LastName) values (280, 'Cibele', 'da Costa');
insert into Customer(Id, FirstName, LastName) values (281, 'كيان', 'زارعی');
insert into Customer(Id, FirstName, LastName) values (282, 'Amy', 'Hopkins');
insert into Customer(Id, FirstName, LastName) values (283, 'Minea', 'Perala');
insert into Customer(Id, FirstName, LastName) values (284, 'Phyllis', 'Ruiz');
insert into Customer(Id, FirstName, LastName) values (285, 'مانی', 'قاسمی');
insert into Customer(Id, FirstName, LastName) values (286, 'یاسمن', 'حیدری');
insert into Customer(Id, FirstName, LastName) values (287, 'Veera', 'Lampo');
insert into Customer(Id, FirstName, LastName) values (288, 'درسا', 'صدر');
insert into Customer(Id, FirstName, LastName) values (289, 'Elisa', 'Iglesias');
insert into Customer(Id, FirstName, LastName) values (290, 'Frederik', 'Jørgensen');
insert into Customer(Id, FirstName, LastName) values (291, 'Sara', 'Murphy');
insert into Customer(Id, FirstName, LastName) values (292, 'Linnea', 'Hietala');
insert into Customer(Id, FirstName, LastName) values (293, 'Frida', 'Hansen');
insert into Customer(Id, FirstName, LastName) values (294, 'Waldemar', 'Bethge');
insert into Customer(Id, FirstName, LastName) values (295, 'Roberta', 'Carroll');
insert into Customer(Id, FirstName, LastName) values (296, 'Arménio', 'Santos');
insert into Customer(Id, FirstName, LastName) values (297, 'Irma', 'Romero');
insert into Customer(Id, FirstName, LastName) values (298, 'Emily', 'Kristensen');
insert into Customer(Id, FirstName, LastName) values (299, 'Eemeli', 'Makela');
insert into Customer(Id, FirstName, LastName) values (300, 'Sidnei', 'Santos');
insert into Customer(Id, FirstName, LastName) values (301, 'Samuele', 'Leclerc');
insert into Customer(Id, FirstName, LastName) values (302, 'Kurt', 'Foster');
insert into Customer(Id, FirstName, LastName) values (303, 'دانیال', 'حیدری');
insert into Customer(Id, FirstName, LastName) values (304, 'Peetu', 'Justi');
insert into Customer(Id, FirstName, LastName) values (305, 'Kayra', 'Van der Goot');
insert into Customer(Id, FirstName, LastName) values (306, 'Yelena', 'Koolhof');
insert into Customer(Id, FirstName, LastName) values (307, 'مهدیس', 'نكو نظر');
insert into Customer(Id, FirstName, LastName) values (308, 'Brent', 'Evans');
insert into Customer(Id, FirstName, LastName) values (309, 'Florent', 'Rey');
insert into Customer(Id, FirstName, LastName) values (310, 'Mafalda', 'Gomes');
insert into Customer(Id, FirstName, LastName) values (311, 'Amaury', 'Rey');
insert into Customer(Id, FirstName, LastName) values (312, 'Tony', 'Stewart');
insert into Customer(Id, FirstName, LastName) values (313, 'Liam', 'Brar');
insert into Customer(Id, FirstName, LastName) values (314, 'Maximilian', 'Dumas');
insert into Customer(Id, FirstName, LastName) values (315, 'Kathleen', 'Öztürk');
insert into Customer(Id, FirstName, LastName) values (316, 'Dylan', 'Fortin');
insert into Customer(Id, FirstName, LastName) values (317, 'Jocelyne', 'Fournier');
insert into Customer(Id, FirstName, LastName) values (318, 'احسان', 'جعفری');
insert into Customer(Id, FirstName, LastName) values (319, 'Elliot', 'Berger');
insert into Customer(Id, FirstName, LastName) values (320, 'Joanne', 'Castro');
insert into Customer(Id, FirstName, LastName) values (321, 'Tessa', 'Barbier');
insert into Customer(Id, FirstName, LastName) values (322, 'Francisco', 'Ortiz');
insert into Customer(Id, FirstName, LastName) values (323, 'مهرسا', 'قاسمی');
insert into Customer(Id, FirstName, LastName) values (324, 'Rose', 'Hopkins');
insert into Customer(Id, FirstName, LastName) values (325, 'Sadi', 'Martins');
insert into Customer(Id, FirstName, LastName) values (326, 'Arnfried', 'Reichart');
insert into Customer(Id, FirstName, LastName) values (327, 'Eino', 'Saksa');
insert into Customer(Id, FirstName, LastName) values (328, 'Universina', 'Rodrigues');
insert into Customer(Id, FirstName, LastName) values (329, 'Dustin', 'Lambert');
insert into Customer(Id, FirstName, LastName) values (330, 'Alvin', 'Pierce');
insert into Customer(Id, FirstName, LastName) values (331, 'Aparecida', 'Jesus');
insert into Customer(Id, FirstName, LastName) values (332, 'Marshall', 'Payne');
insert into Customer(Id, FirstName, LastName) values (333, 'Leif', 'Lorentsen');
insert into Customer(Id, FirstName, LastName) values (334, 'Lino', 'Blanchard');
insert into Customer(Id, FirstName, LastName) values (335, 'Onur', 'Akyüz');
insert into Customer(Id, FirstName, LastName) values (336, 'John', 'Green');
insert into Customer(Id, FirstName, LastName) values (337, 'Allan', 'Mitchell');
insert into Customer(Id, FirstName, LastName) values (338, 'Amy', 'Fortin');
insert into Customer(Id, FirstName, LastName) values (339, 'Bryan', 'Jensen');
insert into Customer(Id, FirstName, LastName) values (340, 'Liliane', 'Roussel');
insert into Customer(Id, FirstName, LastName) values (341, 'Dragan', 'Habel');
insert into Customer(Id, FirstName, LastName) values (342, 'Marshall', 'Weaver');
insert into Customer(Id, FirstName, LastName) values (343, 'Rosa', 'Simmmons');
insert into Customer(Id, FirstName, LastName) values (344, 'Todd', 'Cook');
insert into Customer(Id, FirstName, LastName) values (345, 'Joshua', 'Lawrence');
insert into Customer(Id, FirstName, LastName) values (346, 'Gabriel', 'Scott');
insert into Customer(Id, FirstName, LastName) values (347, 'Vivan', 'Little');
insert into Customer(Id, FirstName, LastName) values (348, 'Anna', 'Poulsen');
insert into Customer(Id, FirstName, LastName) values (349, 'Jennifer', 'Holme');
insert into Customer(Id, FirstName, LastName) values (350, 'Simon', 'Christensen');
insert into Customer(Id, FirstName, LastName) values (351, 'Thor', 'Kaya');
insert into Customer(Id, FirstName, LastName) values (352, 'Melissa', 'Starheim');
insert into Customer(Id, FirstName, LastName) values (353, 'Clara', 'Robert');
insert into Customer(Id, FirstName, LastName) values (354, 'Alisa', 'Koivisto');
insert into Customer(Id, FirstName, LastName) values (355, 'Chester', 'Garza');
insert into Customer(Id, FirstName, LastName) values (356, 'Arquimedes', 'Ribeiro');
insert into Customer(Id, FirstName, LastName) values (357, 'Ali', 'Özdenak');
insert into Customer(Id, FirstName, LastName) values (358, 'Karin', 'Niemeier');
insert into Customer(Id, FirstName, LastName) values (359, 'Anatole', 'Riviere');
insert into Customer(Id, FirstName, LastName) values (360, 'Leslie', 'Lee');
insert into Customer(Id, FirstName, LastName) values (361, 'Afşar', 'Hamzaoğlu');
insert into Customer(Id, FirstName, LastName) values (362, 'Jade', 'Wong');
insert into Customer(Id, FirstName, LastName) values (363, 'Angelina', 'Kirchner');
insert into Customer(Id, FirstName, LastName) values (364, 'Eric', 'Hughes');
insert into Customer(Id, FirstName, LastName) values (365, 'August', 'Olsen');
insert into Customer(Id, FirstName, LastName) values (366, 'Carter', 'Kelley');
insert into Customer(Id, FirstName, LastName) values (367, 'John', 'Ausland');
insert into Customer(Id, FirstName, LastName) values (368, 'Gabriele', 'Behrendt');
insert into Customer(Id, FirstName, LastName) values (369, 'Christian', 'Perez');
insert into Customer(Id, FirstName, LastName) values (370, 'Adrian', 'Graves');
insert into Customer(Id, FirstName, LastName) values (371, 'Hazel', 'Cook');
insert into Customer(Id, FirstName, LastName) values (372, 'Esther', 'Montero');
insert into Customer(Id, FirstName, LastName) values (373, 'Rosa', 'Parra');
insert into Customer(Id, FirstName, LastName) values (374, 'Dionira', 'Barros');
insert into Customer(Id, FirstName, LastName) values (375, 'Theo', 'Lavoie');
insert into Customer(Id, FirstName, LastName) values (376, 'Alberto', 'Burns');
insert into Customer(Id, FirstName, LastName) values (377, 'ثنا', 'حسینی');
insert into Customer(Id, FirstName, LastName) values (378, 'Macit', 'Özbey');
insert into Customer(Id, FirstName, LastName) values (379, 'Kristen', 'Neal');
insert into Customer(Id, FirstName, LastName) values (380, 'Anna-Sophie', 'Arnoldus');
insert into Customer(Id, FirstName, LastName) values (381, 'Olivier', 'Grewal');
insert into Customer(Id, FirstName, LastName) values (382, 'Christopher', 'Larson');
insert into Customer(Id, FirstName, LastName) values (383, 'Dana', 'Wade');
insert into Customer(Id, FirstName, LastName) values (384, 'Armelim', 'Caldeira');
insert into Customer(Id, FirstName, LastName) values (385, 'Leo', 'Ryan');
insert into Customer(Id, FirstName, LastName) values (386, 'پرهام', 'سهيلي راد');
insert into Customer(Id, FirstName, LastName) values (387, 'آدرینا', 'کریمی');
insert into Customer(Id, FirstName, LastName) values (388, 'Gary', 'Scott');
insert into Customer(Id, FirstName, LastName) values (389, 'Margarita', 'Suarez');
insert into Customer(Id, FirstName, LastName) values (390, 'Mathéo', 'Robert');
insert into Customer(Id, FirstName, LastName) values (391, 'Siebe', 'Van Maurik');
insert into Customer(Id, FirstName, LastName) values (392, 'آوینا', 'كامياران');
insert into Customer(Id, FirstName, LastName) values (393, 'Izzie', 'Wallace');
insert into Customer(Id, FirstName, LastName) values (394, 'Izzie', 'Day');
insert into Customer(Id, FirstName, LastName) values (395, 'Meral', 'Kaya');
insert into Customer(Id, FirstName, LastName) values (396, 'باران', 'سلطانی نژاد');
insert into Customer(Id, FirstName, LastName) values (397, 'Manuel', 'Vicente');
insert into Customer(Id, FirstName, LastName) values (398, 'Sedef', 'Gürmen');
insert into Customer(Id, FirstName, LastName) values (399, 'Vanessa', 'Fitzpatrick');
insert into Customer(Id, FirstName, LastName) values (400, 'Ethan', 'Brewer');
insert into Customer(Id, FirstName, LastName) values (401, 'Maria', 'Gonzales');
insert into Customer(Id, FirstName, LastName) values (402, 'Gérard', 'Faure');
insert into Customer(Id, FirstName, LastName) values (403, 'Raymond', 'Watts');
insert into Customer(Id, FirstName, LastName) values (404, 'Mika', 'Eichmann');
insert into Customer(Id, FirstName, LastName) values (405, 'Cesário', 'Vieira');
insert into Customer(Id, FirstName, LastName) values (406, 'Noelle', 'Olson');
insert into Customer(Id, FirstName, LastName) values (407, 'Istvan', 'Wilhelm');
insert into Customer(Id, FirstName, LastName) values (408, 'Claudina', 'da Mata');
insert into Customer(Id, FirstName, LastName) values (409, 'Özsu', 'Abacı');
insert into Customer(Id, FirstName, LastName) values (410, 'Ümit', 'Özbir');
insert into Customer(Id, FirstName, LastName) values (411, 'Ceylan', 'Pektemek');
insert into Customer(Id, FirstName, LastName) values (412, 'Fatima', 'Fernandez');
insert into Customer(Id, FirstName, LastName) values (413, 'Massimiliano', 'Roux');
insert into Customer(Id, FirstName, LastName) values (414, 'Serenity', 'Sutton');
insert into Customer(Id, FirstName, LastName) values (415, 'Melike', 'Tuğluk');
insert into Customer(Id, FirstName, LastName) values (416, 'Kathy', 'Andrews');
insert into Customer(Id, FirstName, LastName) values (417, 'Mark', 'Perkins');
insert into Customer(Id, FirstName, LastName) values (418, 'Charlotte', 'Williams');
insert into Customer(Id, FirstName, LastName) values (419, 'Emanuel', 'Francois');
insert into Customer(Id, FirstName, LastName) values (420, 'Rudie', 'Oudt');
insert into Customer(Id, FirstName, LastName) values (421, 'Alberte', 'Mortensen');
insert into Customer(Id, FirstName, LastName) values (422, 'Sonia', 'Gallego');
insert into Customer(Id, FirstName, LastName) values (423, 'Nihal', 'Çetiner');
insert into Customer(Id, FirstName, LastName) values (424, 'Sergej', 'Blau');
insert into Customer(Id, FirstName, LastName) values (425, 'Jesse', 'Lahti');
insert into Customer(Id, FirstName, LastName) values (426, 'Othilie', 'Lindås');
insert into Customer(Id, FirstName, LastName) values (427, 'Nelson', 'Ramos');
insert into Customer(Id, FirstName, LastName) values (428, 'Felix', 'Stanley');
insert into Customer(Id, FirstName, LastName) values (429, 'Arisberto', 'Nogueira');
insert into Customer(Id, FirstName, LastName) values (430, 'Diane', 'Sperling');
insert into Customer(Id, FirstName, LastName) values (431, 'Vernon', 'Mckinney');
insert into Customer(Id, FirstName, LastName) values (432, 'Karl', 'Lydersen');
insert into Customer(Id, FirstName, LastName) values (433, 'Ursulina', 'Cavalcanti');
insert into Customer(Id, FirstName, LastName) values (434, 'Ivan', 'Hicks');
insert into Customer(Id, FirstName, LastName) values (435, 'Noemie', 'Simon');
insert into Customer(Id, FirstName, LastName) values (436, 'Carole', 'Robertson');
insert into Customer(Id, FirstName, LastName) values (437, 'Barış', 'Dalkıran');
insert into Customer(Id, FirstName, LastName) values (438, 'Ella', 'Fontai');
insert into Customer(Id, FirstName, LastName) values (439, 'Léa', 'Denis');
insert into Customer(Id, FirstName, LastName) values (440, 'Grazyna', 'Linn');
insert into Customer(Id, FirstName, LastName) values (441, 'Wael', 'Rijk');
insert into Customer(Id, FirstName, LastName) values (442, 'تینا', 'زارعی');
insert into Customer(Id, FirstName, LastName) values (443, 'Andrea', 'Hansen');
insert into Customer(Id, FirstName, LastName) values (444, 'حامد', 'رضایی');
insert into Customer(Id, FirstName, LastName) values (445, 'Daline', 'Fogaça');
insert into Customer(Id, FirstName, LastName) values (446, 'Alisa', 'Huhtala');
insert into Customer(Id, FirstName, LastName) values (447, 'Noora', 'Furulund');
insert into Customer(Id, FirstName, LastName) values (448, 'Darryl', 'Simpson');
insert into Customer(Id, FirstName, LastName) values (449, 'David', 'Vidal');
insert into Customer(Id, FirstName, LastName) values (450, 'Akseli', 'Peltonen');
insert into Customer(Id, FirstName, LastName) values (451, 'رهام', 'کریمی');
insert into Customer(Id, FirstName, LastName) values (452, 'Kenzo', 'Leroux');
insert into Customer(Id, FirstName, LastName) values (453, 'Alice', 'Eeg');
insert into Customer(Id, FirstName, LastName) values (454, 'Antoine', 'Smith');
insert into Customer(Id, FirstName, LastName) values (455, 'Alexis', 'Hamilton');
insert into Customer(Id, FirstName, LastName) values (456, 'Liam', 'Campbell');
insert into Customer(Id, FirstName, LastName) values (457, 'Ivan', 'Campos');
insert into Customer(Id, FirstName, LastName) values (458, 'Ceylan', 'Kuzucu');
insert into Customer(Id, FirstName, LastName) values (459, 'Jonathan', 'Vestby');
insert into Customer(Id, FirstName, LastName) values (460, 'Nelci', 'Ferreira');
insert into Customer(Id, FirstName, LastName) values (461, 'Emily', 'Christiansen');
insert into Customer(Id, FirstName, LastName) values (462, 'Linda', 'Larson');
insert into Customer(Id, FirstName, LastName) values (463, 'Jimmy', 'Clarke');
insert into Customer(Id, FirstName, LastName) values (464, 'Christof', 'Brunet');
insert into Customer(Id, FirstName, LastName) values (465, 'Bertine', 'Østby');
insert into Customer(Id, FirstName, LastName) values (466, 'Blake', 'Bates');
insert into Customer(Id, FirstName, LastName) values (467, 'Sarah', 'Andrews');
insert into Customer(Id, FirstName, LastName) values (468, 'Nuran', 'Pfeffer');
insert into Customer(Id, FirstName, LastName) values (469, 'Quido', 'Bisschop');
insert into Customer(Id, FirstName, LastName) values (470, 'Edgar', 'Cavalcanti');
insert into Customer(Id, FirstName, LastName) values (471, 'Nina', 'Walker');
insert into Customer(Id, FirstName, LastName) values (472, 'Raymond', 'Burns');
insert into Customer(Id, FirstName, LastName) values (473, 'Karin', 'Oterhals');
insert into Customer(Id, FirstName, LastName) values (474, 'Eliseu', 'Rezende');
insert into Customer(Id, FirstName, LastName) values (475, 'فاطمه زهرا', 'حیدری');
insert into Customer(Id, FirstName, LastName) values (476, 'Rasmus', 'Skjerven');
insert into Customer(Id, FirstName, LastName) values (477, 'Thomas', 'Hauge');
insert into Customer(Id, FirstName, LastName) values (478, 'كيان', 'نجاتی');
insert into Customer(Id, FirstName, LastName) values (479, 'Mehdi', 'Hänsch');
insert into Customer(Id, FirstName, LastName) values (480, 'Haider', 'Pel');
insert into Customer(Id, FirstName, LastName) values (481, 'Ayan', 'Solomon');
insert into Customer(Id, FirstName, LastName) values (482, 'Ronja', 'Autio');
insert into Customer(Id, FirstName, LastName) values (483, 'Dragana', 'Clement');
insert into Customer(Id, FirstName, LastName) values (484, 'مریم', 'كامياران');
insert into Customer(Id, FirstName, LastName) values (485, 'Beatrice', 'Thompson');
insert into Customer(Id, FirstName, LastName) values (486, 'Agron', 'Rey');
insert into Customer(Id, FirstName, LastName) values (487, 'سام', 'جعفری');
insert into Customer(Id, FirstName, LastName) values (488, 'Lucia', 'Cabrera');
insert into Customer(Id, FirstName, LastName) values (489, 'Kirk', 'Lowe');
insert into Customer(Id, FirstName, LastName) values (490, 'Allen', 'Cox');
insert into Customer(Id, FirstName, LastName) values (491, 'Eve', 'Morel');
insert into Customer(Id, FirstName, LastName) values (492, 'Addison', 'Tucker');
insert into Customer(Id, FirstName, LastName) values (493, 'Natália', 'da Rosa');
insert into Customer(Id, FirstName, LastName) values (494, 'Francisco', 'Black');
insert into Customer(Id, FirstName, LastName) values (495, 'Mellany', 'Heida');
insert into Customer(Id, FirstName, LastName) values (496, 'Alba', 'Marin');
insert into Customer(Id, FirstName, LastName) values (497, 'Darko', 'Sager');
insert into Customer(Id, FirstName, LastName) values (498, 'Kurt', 'Peters');
insert into Customer(Id, FirstName, LastName) values (499, 'Mathieu', 'Philippe');
insert into Customer(Id, FirstName, LastName) values (500, 'Mariana', 'Moura');


create table Employee(
                Username varchar(100) primary key,
                [Password] varchar(100) not null,
                CounterStationId integer);

insert into Employee(Username, [Password]) values ('bluegorilla555', 'cheetah');
insert into Employee(Username, [Password]) values ('angryladybug419', 'gringo');
insert into Employee(Username, [Password]) values ('orangesnake430', 'frost');
insert into Employee(Username, [Password]) values ('bigsnake411', 'cupoi');
insert into Employee(Username, [Password]) values ('bluecat397', 'xerxes');
insert into Employee(Username, [Password]) values ('heavyladybug967', 'matteo');
insert into Employee(Username, [Password]) values ('heavycat706', 'night');
insert into Employee(Username, [Password]) values ('ticklishwolf482', 'nwo4life');
insert into Employee(Username, [Password]) values ('redleopard509', 'travis');
insert into Employee(Username, [Password]) values ('crazykoala779', 'spud');
insert into Employee(Username, [Password]) values ('whiteostrich302', 'salomon');
insert into Employee(Username, [Password]) values ('purplebutterfly422', 'sonny');
insert into Employee(Username, [Password]) values ('redelephant338', 'escort');
insert into Employee(Username, [Password]) values ('tinygorilla956', 'gibson');
insert into Employee(Username, [Password]) values ('smalldog228', 'auto');
insert into Employee(Username, [Password]) values ('lazywolf111', 'account');
insert into Employee(Username, [Password]) values ('angrymouse845', '33333');
insert into Employee(Username, [Password]) values ('smallostrich562', 'golden');
insert into Employee(Username, [Password]) values ('purpleswan896', 'booty');
insert into Employee(Username, [Password]) values ('greenleopard550', 'truth');
insert into Employee(Username, [Password]) values ('bluebird605', 'oblivion');
insert into Employee(Username, [Password]) values ('purplewolf712', 'waterfal');
insert into Employee(Username, [Password]) values ('happyfrog743', 'wireless');
insert into Employee(Username, [Password]) values ('sadsnake272', 'redfish');
insert into Employee(Username, [Password]) values ('lazykoala150', 'dogwood');
insert into Employee(Username, [Password]) values ('crazysnake409', 'buckeyes');
insert into Employee(Username, [Password]) values ('crazypanda636', 'ghetto');
insert into Employee(Username, [Password]) values ('sadsnake330', 'goth');
insert into Employee(Username, [Password]) values ('angrybutterfly865', 'connor');
insert into Employee(Username, [Password]) values ('orangepeacock253', 'triton');
insert into Employee(Username, [Password]) values ('heavypanda953', 'albert');
insert into Employee(Username, [Password]) values ('yellowswan765', 'monday');
insert into Employee(Username, [Password]) values ('ticklishleopard625', '100000');
insert into Employee(Username, [Password]) values ('sadpanda910', 'dante');
insert into Employee(Username, [Password]) values ('heavyostrich512', 'faggot');
insert into Employee(Username, [Password]) values ('whitecat713', 'wayne');
insert into Employee(Username, [Password]) values ('heavyladybug563', 'yessir');
insert into Employee(Username, [Password]) values ('whitemeercat587', 'fidelio');
insert into Employee(Username, [Password]) values ('bigrabbit571', 'jess');
insert into Employee(Username, [Password]) values ('yellowmouse417', 'catnip');
insert into Employee(Username, [Password]) values ('organicdog547', 'frogs');
insert into Employee(Username, [Password]) values ('blackladybug333', 'darkside');
insert into Employee(Username, [Password]) values ('greentiger878', 'theatre');
insert into Employee(Username, [Password]) values ('organicfrog915', 'sesame');
insert into Employee(Username, [Password]) values ('organicpanda973', 'confused');
insert into Employee(Username, [Password]) values ('ticklishfrog430', 'intrepid');
insert into Employee(Username, [Password]) values ('greentiger547', 'asdf');
insert into Employee(Username, [Password]) values ('tinyfish610', 'tasty');
insert into Employee(Username, [Password]) values ('bigrabbit266', '5rxypn');
insert into Employee(Username, [Password]) values ('happypanda143', 'brutus');
insert into Employee(Username, [Password]) values ('ticklishzebra238', 'crystal');
insert into Employee(Username, [Password]) values ('lazyfrog591', 'cleaner');
insert into Employee(Username, [Password]) values ('bigladybug744', 'formula');
insert into Employee(Username, [Password]) values ('ticklishleopard739', 'manman');
insert into Employee(Username, [Password]) values ('bluezebra483', 'hermes');
insert into Employee(Username, [Password]) values ('angryswan277', 'warning');
insert into Employee(Username, [Password]) values ('greenfish691', 'jessica');
insert into Employee(Username, [Password]) values ('heavygorilla552', 'homerj');
insert into Employee(Username, [Password]) values ('tinysnake754', 'uncencored');
insert into Employee(Username, [Password]) values ('orangepanda191', '1964');
insert into Employee(Username, [Password]) values ('angrypanda991', 'skin');
insert into Employee(Username, [Password]) values ('redswan741', 'shop');
insert into Employee(Username, [Password]) values ('greenostrich188', 'celeste');
insert into Employee(Username, [Password]) values ('blackrabbit386', 'marker');
insert into Employee(Username, [Password]) values ('tinyzebra170', 'madeline');
insert into Employee(Username, [Password]) values ('tinygoose786', 'hambone');
insert into Employee(Username, [Password]) values ('blackostrich907', 'rooster');
insert into Employee(Username, [Password]) values ('bluegoose121', 'trunks');
insert into Employee(Username, [Password]) values ('greensnake571', 'coach');
insert into Employee(Username, [Password]) values ('orangeduck827', 'hand');
insert into Employee(Username, [Password]) values ('bigtiger770', 'glasses');
insert into Employee(Username, [Password]) values ('silvergorilla829', 'vermont');
insert into Employee(Username, [Password]) values ('organicgoose980', 'kamikaze');
insert into Employee(Username, [Password]) values ('heavybear484', 'onetwo');
insert into Employee(Username, [Password]) values ('beautifulcat841', 'delilah');
insert into Employee(Username, [Password]) values ('redrabbit624', 'nnnnnnn');
insert into Employee(Username, [Password]) values ('redrabbit190', 'buceta');
insert into Employee(Username, [Password]) values ('redduck194', 'ralph');
insert into Employee(Username, [Password]) values ('angryduck847', 'amazing');
insert into Employee(Username, [Password]) values ('lazyzebra663', 'mario');
insert into Employee(Username, [Password]) values ('angrywolf402', 'jimmie');
insert into Employee(Username, [Password]) values ('orangeduck606', 'daisy');
insert into Employee(Username, [Password]) values ('ticklishpeacock392', 'entrance');
insert into Employee(Username, [Password]) values ('happytiger398', '2222222');
insert into Employee(Username, [Password]) values ('angrygorilla277', 'kissme');
insert into Employee(Username, [Password]) values ('crazyleopard404', 'qing');
insert into Employee(Username, [Password]) values ('silverduck461', 'sidekick');
insert into Employee(Username, [Password]) values ('happymouse651', 'gotyoass');
insert into Employee(Username, [Password]) values ('blackbutterfly112', 'zodiac');
insert into Employee(Username, [Password]) values ('angryrabbit773', 'windows');
insert into Employee(Username, [Password]) values ('orangeswan753', 'models');
insert into Employee(Username, [Password]) values ('bluegorilla711', 'worker');
insert into Employee(Username, [Password]) values ('orangegoose732', 'slider');
insert into Employee(Username, [Password]) values ('ticklishostrich509', 'bummer');
insert into Employee(Username, [Password]) values ('smallelephant414', 'br0d3r');
insert into Employee(Username, [Password]) values ('redleopard125', 'bounty');
insert into Employee(Username, [Password]) values ('greenmouse945', '159753');
insert into Employee(Username, [Password]) values ('brownpeacock824', 'light');
insert into Employee(Username, [Password]) values ('orangebird107', 'soldier');
insert into Employee(Username, [Password]) values ('purplekoala870', 'bonnie');


create table Station(
                Id integer primary key,
                Name varchar(100) not null,
                TransportType int not null);

insert into Station(Id, Name, TransportType) values (8582457, 'Thalheim an der Thur', 3);
insert into Station(Id, Name, TransportType) values (8590830, 'Thalwil, Böni', 3);


create table Connection(
                Id integer primary key,
                FromStationId integer foreign key not null references Station(Id),
                ToStationId integer foreign key not null references Station(Id),
                TransportType int not null,
                Duration int not null,
                Cost int not null);

insert into Connection(Id, FromStationId, ToStationId, TransportType, Duration, Cost) values 
                (1085, 8595605, 8595931, 1, 11, 35.1);
insert into Connection(Id, FromStationId, ToStationId, TransportType, Duration, Cost) values 
                (1866, 8593506, 8593506, 2, 10, 3.5650000000000004);
insert into Connection(Id, FromStationId, ToStationId, TransportType, Duration, Cost) values 
                (2924, 8595510, 8595510, 2, 15, 32.04);
insert into Connection(Id, FromStationId, ToStationId, TransportType, Duration, Cost) values 
                (5315, 8593506, 8595637, 1, 6, 7.25);
insert into Connection(Id, FromStationId, ToStationId, TransportType, Duration, Cost) values 
                (9198, 8594514, 8589858, 2, 13, 54.11);
insert into Connection(Id, FromStationId, ToStationId, TransportType, Duration, Cost) values 
                (10663, 8591790, 8591790, 2, 6, 7.12);
insert into Connection(Id, FromStationId, ToStationId, TransportType, Duration, Cost) values 
                (11350, 8590830, 8590830, 1, 10, 9.05);
insert into Connection(Id, FromStationId, ToStationId, TransportType, Duration, Cost) values 
                (12055, 8595531, 1102274, 2, 10, 14.28);
insert into Connection(Id, FromStationId, ToStationId, TransportType, Duration, Cost) values 
                (12518, 8593506, 8593506, 2, 9, 6.6899999999999995);
insert into Connection(Id, FromStationId, ToStationId, TransportType, Duration, Cost) values 
                (12802, 8595134, 8595134, 2, 9, 2.49);
insert into Connection(Id, FromStationId, ToStationId, TransportType, Duration, Cost) values 
                (13561, 8590830, 8590830, 2, 9, 1.84);
insert into Connection(Id, FromStationId, ToStationId, TransportType, Duration, Cost) values 
                (14041, 8590830, 8590830, 2, 9, 4.696666666666667);
insert into Connection(Id, FromStationId, ToStationId, TransportType, Duration, Cost) values 
                (14048, 8590830, 8590830, 2, 9, 8.03);
insert into Connection(Id, FromStationId, ToStationId, TransportType, Duration, Cost) values 
                (14055, 8590830, 8590830, 2, 9, 4.11);
insert into Connection(Id, FromStationId, ToStationId, TransportType, Duration, Cost) values 
                (14517, 8589858, 8593515, 2, 41, 372.45);
insert into Connection(Id, FromStationId, ToStationId, TransportType, Duration, Cost) values 
                (14621, 8590830, 8590830, 2, 9, 5.59);
insert into Connection(Id, FromStationId, ToStationId, TransportType, Duration, Cost) values 
                (14628, 8590830, 8590830, 2, 7, 7.51);
insert into Connection(Id, FromStationId, ToStationId, TransportType, Duration, Cost) values 
                (14629, 8590830, 8590830, 2, 9, 5.1899999999999995);
insert into Connection(Id, FromStationId, ToStationId, TransportType, Duration, Cost) values 
                (14798, 8590830, 8590830, 2, 9, 6.29);
insert into Connection(Id, FromStationId, ToStationId, TransportType, Duration, Cost) values 
                (16183, 8590226, 8590226, 2, 9, 5.390000000000001);
insert into Connection(Id, FromStationId, ToStationId, TransportType, Duration, Cost) values 
                (17664, 8595700, 8595700, 1, 5, 6.07);
insert into Connection(Id, FromStationId, ToStationId, TransportType, Duration, Cost) values 
                (19380, 8596005, 8594253, 2, 9, 4.640000000000001);
insert into Connection(Id, FromStationId, ToStationId, TransportType, Duration, Cost) values 
                (19868, 8590830, 8590830, 2, 9, 10.440000000000001);
insert into Connection(Id, FromStationId, ToStationId, TransportType, Duration, Cost) values 
                (19890, 8590830, 8590830, 2, 9, 3.8);
insert into Connection(Id, FromStationId, ToStationId, TransportType, Duration, Cost) values 
                (20368, 8595605, 8595605, 2, 9, 8.64);
insert into Connection(Id, FromStationId, ToStationId, TransportType, Duration, Cost) values 
                (20915, 8593506, 8593506, 1, 10, 6.613333333333333);
insert into Connection(Id, FromStationId, ToStationId, TransportType, Duration, Cost) values 
                (21280, 8595605, 8595605, 2, 9, 6.55);
insert into Connection(Id, FromStationId, ToStationId, TransportType, Duration, Cost) values 
                (21778, 8594253, 8596005, 2, 6, 2.64);
insert into Connection(Id, FromStationId, ToStationId, TransportType, Duration, Cost) values 
                (22727, 8595921, 8595921, 1, 9, 5.615);
insert into Connection(Id, FromStationId, ToStationId, TransportType, Duration, Cost) values 
                (23313, 8593506, 8593506, 2, 6, 3.9299999999999997);
insert into Connection(Id, FromStationId, ToStationId, TransportType, Duration, Cost) values 
                (23787, 8595605, 8595931, 2, 9, 9.64);
insert into Connection(Id, FromStationId, ToStationId, TransportType, Duration, Cost) values 
                (24617, 8583677, 8595370, 2, 9, 7.01);
insert into Connection(Id, FromStationId, ToStationId, TransportType, Duration, Cost) values 
                (24970, 8595440, 8595440, 2, 6, 1.54);
insert into Connection(Id, FromStationId, ToStationId, TransportType, Duration, Cost) values 
                (25565, 8594769, 8594769, 2, 9, 5.779999999999999);
insert into Connection(Id, FromStationId, ToStationId, TransportType, Duration, Cost) values 
                (27040, 8595531, 8595531, 2, 10, 8.07);
insert into Connection(Id, FromStationId, ToStationId, TransportType, Duration, Cost) values 
                (27674, 8594491, 8594491, 2, 10, 17.259999999999998);
insert into Connection(Id, FromStationId, ToStationId, TransportType, Duration, Cost) values 
                (27713, 8594491, 8594491, 2, 10, 16.259999999999998);
insert into Connection(Id, FromStationId, ToStationId, TransportType, Duration, Cost) values 
                (28453, 8594491, 8594491, 2, 9, 7.57);
insert into Connection(Id, FromStationId, ToStationId, TransportType, Duration, Cost) values 
                (28566, 8595605, 8595605, 1, 6, 7.28);
insert into Connection(Id, FromStationId, ToStationId, TransportType, Duration, Cost) values 
                (28752, 8587007, 8587007, 2, 6, 10.37);
insert into Connection(Id, FromStationId, ToStationId, TransportType, Duration, Cost) values 
                (29305, 8595134, 8595134, 2, 6, 4.3100000000000005);
insert into Connection(Id, FromStationId, ToStationId, TransportType, Duration, Cost) values 
                (29610, 8587007, 8587007, 2, 9, 17.115000000000002);
insert into Connection(Id, FromStationId, ToStationId, TransportType, Duration, Cost) values 
                (30562, 8595921, 8595921, 2, 9, 7.48);
insert into Connection(Id, FromStationId, ToStationId, TransportType, Duration, Cost) values 
                (31229, 8588411, 8588411, 2, 9, 7.694444444444445);
insert into Connection(Id, FromStationId, ToStationId, TransportType, Duration, Cost) values 
                (31256, 8594491, 8594491, 2, 7, 7.9);
insert into Connection(Id, FromStationId, ToStationId, TransportType, Duration, Cost) values 
                (31383, 8595637, 8593506, 2, 9, 10.36);
insert into Connection(Id, FromStationId, ToStationId, TransportType, Duration, Cost) values 
                (33187, 8596075, 8596075, 2, 9, 5.73);
insert into Connection(Id, FromStationId, ToStationId, TransportType, Duration, Cost) values 
                (33567, 8588757, 8588757, 2, 6, 4.33);
insert into Connection(Id, FromStationId, ToStationId, TransportType, Duration, Cost) values 
                (34251, 8595145, 8595145, 2, 6, 7.18);
insert into Connection(Id, FromStationId, ToStationId, TransportType, Duration, Cost) values 
                (35169, 8589541, 8581509, 2, 9, 11.9);
insert into Connection(Id, FromStationId, ToStationId, TransportType, Duration, Cost) values 
                (36047, 8590830, 8590830, 2, 6, 7.6);
insert into Connection(Id, FromStationId, ToStationId, TransportType, Duration, Cost) values 
                (36054, 8590830, 8590830, 2, 9, 5.699999999999999);
insert into Connection(Id, FromStationId, ToStationId, TransportType, Duration, Cost) values 
                (36059, 8590830, 8590830, 2, 10, 8.6);
insert into Connection(Id, FromStationId, ToStationId, TransportType, Duration, Cost) values 
                (36121, 8594491, 8594491, 2, 9, 9.39);
insert into Connection(Id, FromStationId, ToStationId, TransportType, Duration, Cost) values 
                (36644, 8595370, 8595370, 2, 9, 5.970000000000001);
insert into Connection(Id, FromStationId, ToStationId, TransportType, Duration, Cost) values 
                (37621, 8595921, 8595921, 1, 7, 14.29);
insert into Connection(Id, FromStationId, ToStationId, TransportType, Duration, Cost) values 
                (38002, 8587007, 8587007, 2, 9, 22.5);
insert into Connection(Id, FromStationId, ToStationId, TransportType, Duration, Cost) values 
                (39219, 8594491, 8594491, 2, 9, 8.370000000000001);
insert into Connection(Id, FromStationId, ToStationId, TransportType, Duration, Cost) values 
                (39643, 8596124, 8596124, 2, 6, 13.95);
insert into Connection(Id, FromStationId, ToStationId, TransportType, Duration, Cost) values 
                (40363, 8593247, 8593247, 2, 8, 22.79);
insert into Connection(Id, FromStationId, ToStationId, TransportType, Duration, Cost) values 
                (40987, 8500682, 8595637, 2, 9, 8.34);
insert into Connection(Id, FromStationId, ToStationId, TransportType, Duration, Cost) values 
                (43463, 8774352, 8774352, 2, 12, 26.546666666666667);
insert into Connection(Id, FromStationId, ToStationId, TransportType, Duration, Cost) values 
                (46660, 8588511, 8594846, 2, 13, 32.36);
insert into Connection(Id, FromStationId, ToStationId, TransportType, Duration, Cost) values 
                (48119, 1108552, 1108552, 2, 7, 22.85);
insert into Connection(Id, FromStationId, ToStationId, TransportType, Duration, Cost) values 
                (49334, 1104028, 1104028, 2, 9, 43.37);
insert into Connection(Id, FromStationId, ToStationId, TransportType, Duration, Cost) values 
                (51525, 1106733, 1106733, 2, 12, 16.36);
insert into Connection(Id, FromStationId, ToStationId, TransportType, Duration, Cost) values 
                (51990, 8081004, 8081004, 2, 10, 2.99);
insert into Connection(Id, FromStationId, ToStationId, TransportType, Duration, Cost) values 
                (53638, 1108552, 1107481, 1, 9, 14.91);
insert into Connection(Id, FromStationId, ToStationId, TransportType, Duration, Cost) values 
                (54622, 8595605, 8595605, 2, 9, 14.69);
insert into Connection(Id, FromStationId, ToStationId, TransportType, Duration, Cost) values 
                (55019, 8014422, 8593506, 2, 12, 38.7);
insert into Connection(Id, FromStationId, ToStationId, TransportType, Duration, Cost) values 
                (57307, 8596048, 8596124, 2, 20, 45.15);
insert into Connection(Id, FromStationId, ToStationId, TransportType, Duration, Cost) values 
                (58245, 8596005, 8596005, 2, 10, 7.115);
insert into Connection(Id, FromStationId, ToStationId, TransportType, Duration, Cost) values 
                (59666, 8583855, 8583890, 2, 7, 21.98);
insert into Connection(Id, FromStationId, ToStationId, TransportType, Duration, Cost) values 
                (60146, 8583890, 8583890, 2, 10, 15.47);
insert into Connection(Id, FromStationId, ToStationId, TransportType, Duration, Cost) values 
                (60867, 8583052, 8583052, 2, 6, 2.8);
insert into Connection(Id, FromStationId, ToStationId, TransportType, Duration, Cost) values 
                (61316, 8577444, 8577444, 2, 9, 10.322727272727272);
insert into Connection(Id, FromStationId, ToStationId, TransportType, Duration, Cost) values 
                (61583, 8595659, 8595659, 2, 6, 5.05);
insert into Connection(Id, FromStationId, ToStationId, TransportType, Duration, Cost) values 
                (62316, 8588511, 8594846, 2, 9, 2.97);
insert into Connection(Id, FromStationId, ToStationId, TransportType, Duration, Cost) values 
                (62525, 8589541, 8589541, 2, 6, 9.96);
insert into Connection(Id, FromStationId, ToStationId, TransportType, Duration, Cost) values 
                (63304, 8595974, 8595134, 2, 9, 4.99);
insert into Connection(Id, FromStationId, ToStationId, TransportType, Duration, Cost) values 
                (63812, 8590329, 8590329, 2, 9, 8.045);
insert into Connection(Id, FromStationId, ToStationId, TransportType, Duration, Cost) values 
                (64642, 8582457, 8582457, 2, 7, 28.64);
insert into Connection(Id, FromStationId, ToStationId, TransportType, Duration, Cost) values 
                (65562, 8594491, 8594491, 2, 8, 7.76);
insert into Connection(Id, FromStationId, ToStationId, TransportType, Duration, Cost) values 
                (66195, 8581813, 8572867, 2, 9, 10.04);
insert into Connection(Id, FromStationId, ToStationId, TransportType, Duration, Cost) values 
                (66699, 8595134, 8582417, 1, 9, 8.51);
insert into Connection(Id, FromStationId, ToStationId, TransportType, Duration, Cost) values 
                (67003, 8587007, 8587007, 2, 7, 20.44);
insert into Connection(Id, FromStationId, ToStationId, TransportType, Duration, Cost) values 
                (67203, 8581108, 8583243, 2, 8, 8.07);
insert into Connection(Id, FromStationId, ToStationId, TransportType, Duration, Cost) values 
                (67713, 8594549, 8594549, 1, 7, 5.890000000000001);
insert into Connection(Id, FromStationId, ToStationId, TransportType, Duration, Cost) values 
                (68244, 8595605, 8595605, 2, 9, 19.255);
insert into Connection(Id, FromStationId, ToStationId, TransportType, Duration, Cost) values 
                (69157, 8595451, 8594769, 2, 8, 19.189999999999998);
insert into Connection(Id, FromStationId, ToStationId, TransportType, Duration, Cost) values 
                (69523, 8590226, 8590226, 2, 10, 13.399999999999999);
insert into Connection(Id, FromStationId, ToStationId, TransportType, Duration, Cost) values 
                (71146, 8581346, 8581308, 2, 15, 35.85);
insert into Connection(Id, FromStationId, ToStationId, TransportType, Duration, Cost) values 
                (71871, 8583810, 8583810, 2, 6, 12.129999999999999);
insert into Connection(Id, FromStationId, ToStationId, TransportType, Duration, Cost) values 
                (73037, 8594777, 8594777, 2, 8, 14.43);
insert into Connection(Id, FromStationId, ToStationId, TransportType, Duration, Cost) values 
                (73288, 8594769, 8594769, 2, 6, 18.119999999999997);
insert into Connection(Id, FromStationId, ToStationId, TransportType, Duration, Cost) values 
                (74277, 8587007, 8587007, 2, 7, 9.75);
insert into Connection(Id, FromStationId, ToStationId, TransportType, Duration, Cost) values 
                (75052, 8590226, 8591870, 2, 9, 10.29);
insert into Connection(Id, FromStationId, ToStationId, TransportType, Duration, Cost) values 
                (75719, 8587007, 8587007, 2, 10, 46.05);
insert into Connection(Id, FromStationId, ToStationId, TransportType, Duration, Cost) values 
                (77435, 8587118, 8588803, 2, 9, 4.75);
insert into Connection(Id, FromStationId, ToStationId, TransportType, Duration, Cost) values 
                (78520, 8583810, 8583810, 2, 11, 21.18);


create table Ticket(
                Id integer primary key,
                ConnectionId integer foreign key not null references Connection(Id),
                CustomerId integer foreign key not null references Customer(Id),
                OneWay bit not null);

insert into Ticket(Id, ConnectionId, CustomerId, OneWay) values (1, 1866, 84, 0);
insert into Ticket(Id, ConnectionId, CustomerId, OneWay) values (2, 65562, 299, 1);
insert into Ticket(Id, ConnectionId, CustomerId, OneWay) values (3, 16183, 411, 0);
insert into Ticket(Id, ConnectionId, CustomerId, OneWay) values (4, 12802, 260, 1);
insert into Ticket(Id, ConnectionId, CustomerId, OneWay) values (5, 27713, 263, 1);
insert into Ticket(Id, ConnectionId, CustomerId, OneWay) values (6, 22727, 76, 1);
insert into Ticket(Id, ConnectionId, CustomerId, OneWay) values (7, 14798, 110, 0);
insert into Ticket(Id, ConnectionId, CustomerId, OneWay) values (8, 55019, 35, 0);
insert into Ticket(Id, ConnectionId, CustomerId, OneWay) values (9, 21778, 486, 1);
insert into Ticket(Id, ConnectionId, CustomerId, OneWay) values (10, 14798, 267, 0);
insert into Ticket(Id, ConnectionId, CustomerId, OneWay) values (11, 35169, 107, 0);
insert into Ticket(Id, ConnectionId, CustomerId, OneWay) values (12, 14517, 121, 0);
insert into Ticket(Id, ConnectionId, CustomerId, OneWay) values (13, 36054, 101, 1);
insert into Ticket(Id, ConnectionId, CustomerId, OneWay) values (14, 71146, 49, 1);
insert into Ticket(Id, ConnectionId, CustomerId, OneWay) values (15, 69157, 50, 1);
insert into Ticket(Id, ConnectionId, CustomerId, OneWay) values (16, 33187, 486, 1);
insert into Ticket(Id, ConnectionId, CustomerId, OneWay) values (17, 35169, 164, 1);
insert into Ticket(Id, ConnectionId, CustomerId, OneWay) values (18, 29305, 218, 0);
insert into Ticket(Id, ConnectionId, CustomerId, OneWay) values (19, 73288, 87, 1);
insert into Ticket(Id, ConnectionId, CustomerId, OneWay) values (20, 55019, 485, 1);
insert into Ticket(Id, ConnectionId, CustomerId, OneWay) values (21, 78520, 256, 1);
insert into Ticket(Id, ConnectionId, CustomerId, OneWay) values (22, 14055, 81, 1);
insert into Ticket(Id, ConnectionId, CustomerId, OneWay) values (23, 27674, 392, 0);
insert into Ticket(Id, ConnectionId, CustomerId, OneWay) values (24, 66699, 463, 1);
insert into Ticket(Id, ConnectionId, CustomerId, OneWay) values (25, 69157, 478, 1);
insert into Ticket(Id, ConnectionId, CustomerId, OneWay) values (26, 60867, 153, 1);
insert into Ticket(Id, ConnectionId, CustomerId, OneWay) values (27, 14621, 112, 1);
insert into Ticket(Id, ConnectionId, CustomerId, OneWay) values (28, 48119, 80, 1);
insert into Ticket(Id, ConnectionId, CustomerId, OneWay) values (29, 14628, 63, 0);
insert into Ticket(Id, ConnectionId, CustomerId, OneWay) values (30, 30562, 492, 1);
insert into Ticket(Id, ConnectionId, CustomerId, OneWay) values (31, 53638, 368, 1);
insert into Ticket(Id, ConnectionId, CustomerId, OneWay) values (32, 38002, 155, 1);
insert into Ticket(Id, ConnectionId, CustomerId, OneWay) values (33, 63812, 36, 0);
insert into Ticket(Id, ConnectionId, CustomerId, OneWay) values (34, 39643, 276, 1);
insert into Ticket(Id, ConnectionId, CustomerId, OneWay) values (35, 51525, 460, 0);
insert into Ticket(Id, ConnectionId, CustomerId, OneWay) values (36, 60146, 83, 1);
insert into Ticket(Id, ConnectionId, CustomerId, OneWay) values (37, 54622, 421, 1);
insert into Ticket(Id, ConnectionId, CustomerId, OneWay) values (38, 67713, 182, 1);
insert into Ticket(Id, ConnectionId, CustomerId, OneWay) values (39, 23313, 139, 1);
insert into Ticket(Id, ConnectionId, CustomerId, OneWay) values (40, 60867, 124, 0);
insert into Ticket(Id, ConnectionId, CustomerId, OneWay) values (41, 14628, 190, 1);
insert into Ticket(Id, ConnectionId, CustomerId, OneWay) values (42, 19890, 497, 0);
insert into Ticket(Id, ConnectionId, CustomerId, OneWay) values (43, 33187, 32, 0);
insert into Ticket(Id, ConnectionId, CustomerId, OneWay) values (44, 77435, 359, 0);
insert into Ticket(Id, ConnectionId, CustomerId, OneWay) values (45, 36047, 373, 0);
insert into Ticket(Id, ConnectionId, CustomerId, OneWay) values (46, 64642, 419, 1);
insert into Ticket(Id, ConnectionId, CustomerId, OneWay) values (47, 77435, 492, 1);
insert into Ticket(Id, ConnectionId, CustomerId, OneWay) values (48, 77435, 188, 1);
insert into Ticket(Id, ConnectionId, CustomerId, OneWay) values (49, 10663, 233, 0);
insert into Ticket(Id, ConnectionId, CustomerId, OneWay) values (50, 23787, 245, 1);
insert into Ticket(Id, ConnectionId, CustomerId, OneWay) values (51, 38002, 208, 0);
insert into Ticket(Id, ConnectionId, CustomerId, OneWay) values (52, 12055, 291, 0);
insert into Ticket(Id, ConnectionId, CustomerId, OneWay) values (53, 23313, 122, 1);
insert into Ticket(Id, ConnectionId, CustomerId, OneWay) values (54, 1866, 340, 0);
insert into Ticket(Id, ConnectionId, CustomerId, OneWay) values (55, 14629, 380, 1);
insert into Ticket(Id, ConnectionId, CustomerId, OneWay) values (56, 27713, 288, 0);
insert into Ticket(Id, ConnectionId, CustomerId, OneWay) values (57, 21280, 197, 1);
insert into Ticket(Id, ConnectionId, CustomerId, OneWay) values (58, 65562, 348, 1);
insert into Ticket(Id, ConnectionId, CustomerId, OneWay) values (59, 12055, 339, 0);
insert into Ticket(Id, ConnectionId, CustomerId, OneWay) values (60, 36121, 306, 0);
insert into Ticket(Id, ConnectionId, CustomerId, OneWay) values (61, 36644, 216, 0);
insert into Ticket(Id, ConnectionId, CustomerId, OneWay) values (62, 21280, 495, 1);
insert into Ticket(Id, ConnectionId, CustomerId, OneWay) values (63, 24970, 153, 1);
insert into Ticket(Id, ConnectionId, CustomerId, OneWay) values (64, 65562, 438, 1);
insert into Ticket(Id, ConnectionId, CustomerId, OneWay) values (65, 10663, 436, 0);
insert into Ticket(Id, ConnectionId, CustomerId, OneWay) values (66, 12055, 413, 1);
insert into Ticket(Id, ConnectionId, CustomerId, OneWay) values (67, 69157, 474, 0);
insert into Ticket(Id, ConnectionId, CustomerId, OneWay) values (68, 27713, 82, 1);
insert into Ticket(Id, ConnectionId, CustomerId, OneWay) values (69, 22727, 406, 0);
insert into Ticket(Id, ConnectionId, CustomerId, OneWay) values (70, 66699, 470, 1);
insert into Ticket(Id, ConnectionId, CustomerId, OneWay) values (71, 36054, 241, 0);
insert into Ticket(Id, ConnectionId, CustomerId, OneWay) values (72, 28453, 253, 0);
insert into Ticket(Id, ConnectionId, CustomerId, OneWay) values (73, 27674, 211, 0);
insert into Ticket(Id, ConnectionId, CustomerId, OneWay) values (74, 25565, 29, 1);
insert into Ticket(Id, ConnectionId, CustomerId, OneWay) values (75, 2924, 42, 0);
insert into Ticket(Id, ConnectionId, CustomerId, OneWay) values (76, 29610, 414, 0);
insert into Ticket(Id, ConnectionId, CustomerId, OneWay) values (77, 22727, 137, 1);
insert into Ticket(Id, ConnectionId, CustomerId, OneWay) values (78, 51525, 18, 1);
insert into Ticket(Id, ConnectionId, CustomerId, OneWay) values (79, 36644, 123, 1);
insert into Ticket(Id, ConnectionId, CustomerId, OneWay) values (80, 66195, 344, 1);
insert into Ticket(Id, ConnectionId, CustomerId, OneWay) values (81, 36644, 322, 1);
insert into Ticket(Id, ConnectionId, CustomerId, OneWay) values (82, 46660, 260, 1);
insert into Ticket(Id, ConnectionId, CustomerId, OneWay) values (83, 10663, 456, 1);
insert into Ticket(Id, ConnectionId, CustomerId, OneWay) values (84, 67713, 449, 0);
insert into Ticket(Id, ConnectionId, CustomerId, OneWay) values (85, 21280, 96, 0);
insert into Ticket(Id, ConnectionId, CustomerId, OneWay) values (86, 54622, 160, 0);
insert into Ticket(Id, ConnectionId, CustomerId, OneWay) values (87, 67713, 76, 0);
insert into Ticket(Id, ConnectionId, CustomerId, OneWay) values (88, 19868, 111, 1);
insert into Ticket(Id, ConnectionId, CustomerId, OneWay) values (89, 39219, 310, 1);
insert into Ticket(Id, ConnectionId, CustomerId, OneWay) values (90, 19868, 385, 0);
insert into Ticket(Id, ConnectionId, CustomerId, OneWay) values (91, 9198, 455, 1);
insert into Ticket(Id, ConnectionId, CustomerId, OneWay) values (92, 28453, 332, 1);
insert into Ticket(Id, ConnectionId, CustomerId, OneWay) values (93, 22727, 75, 1);
insert into Ticket(Id, ConnectionId, CustomerId, OneWay) values (94, 62316, 399, 0);
insert into Ticket(Id, ConnectionId, CustomerId, OneWay) values (95, 28566, 220, 0);
insert into Ticket(Id, ConnectionId, CustomerId, OneWay) values (96, 28453, 379, 1);
insert into Ticket(Id, ConnectionId, CustomerId, OneWay) values (97, 19380, 258, 0);
insert into Ticket(Id, ConnectionId, CustomerId, OneWay) values (98, 12802, 273, 0);
insert into Ticket(Id, ConnectionId, CustomerId, OneWay) values (99, 28752, 475, 1);
insert into Ticket(Id, ConnectionId, CustomerId, OneWay) values (100, 73288, 439, 1);
